[
  {
    "id": "M1",
    "home": "Dziki Warszawa",
    "away": "WKS Śląsk Wrocław",
    "start": "2026-01-24T18:00:00+01:00"
  },
  {
    "id": "M2",
    "home": "King Szczecin",
    "away": "AMW Arka Gdynia",
    "start": "2026-02-07T18:00:00+01:00"
  },
  {
    "id": "M3",
    "home": "Anwil Włocławek",
    "away": "Trefl Sopot",
    "start": "2026-02-21T18:00:00+01:00"
  },
  {
    "id": "M4",
    "home": "Legia Warszawa",
    "away": "Górnik Zamek Książ Wałbrzych",
    "start": "2026-03-07T18:00:00+01:00"
  },
  {
    "id": "M5",
    "home": "Zastal Zielona Góra",
    "away": "PGE Start Lublin",
    "start": "2026-03-21T18:00:00+01:00"
  },
  {
    "id": "M6",
    "home": "MKS Dąbrowa Górnicza",
    "away": "Energa Czarni Słupsk",
    "start": "2026-04-04T18:00:00+01:00"
  },
  {
    "id": "M7",
    "home": "Arriva Lotto Twarde Pierniki Toruń",
    "away": "Tasomix Rosiek Stal Ostrów Wielkopolski",
    "start": "2026-04-18T18:00:00+01:00"
  },
  {
    "id": "M8",
    "home": "Tauron GTK Gliwice",
    "away": "Miasto Szkła Krosno",
    "start": "2026-05-02T18:00:00+01:00"
  },
  {
    "id": "M9",
    "home": "Dziki Warszawa",
    "away": "King Szczecin",
    "start": "2026-05-16T18:00:00+01:00"
  },
  {
    "id": "M10",
    "home": "King Szczecin",
    "away": "Anwil Włocławek",
    "start": "2026-05-30T18:00:00+01:00"
  },
  {
    "id": "M11",
    "home": "Anwil Włocławek",
    "away": "Legia Warszawa",
    "start": "2026-06-13T18:00:00+01:00"
  },
  {
    "id": "M12",
    "home": "Legia Warszawa",
    "away": "Zastal Zielona Góra",
    "start": "2026-06-27T18:00:00+01:00"
  },
  {
    "id": "M13",
    "home": "Zastal Zielona Góra",
    "away": "MKS Dąbrowa Górnicza",
    "start": "2026-07-11T18:00:00+01:00"
  },
  {
    "id": "M14",
    "home": "MKS Dąbrowa Górnicza",
    "away": "Arriva Lotto Twarde Pierniki Toruń",
    "start": "2026-07-25T18:00:00+01:00"
  },
  {
    "id": "M15",
    "home": "Arriva Lotto Twarde Pierniki Toruń",
    "away": "Tauron GTK Gliwice",
    "start": "2026-08-08T18:00:00+01:00"
  },
  {
    "id": "M16",
    "home": "Tauron GTK Gliwice",
    "away": "Dziki Warszawa",
    "start": "2026-08-22T18:00:00+01:00"
  },
  {
    "id": "M17",
    "home": "Dziki Warszawa",
    "away": "AMW Arka Gdynia",
    "start": "2026-09-05T18:00:00+01:00"
  },
  {
    "id": "M18",
    "home": "King Szczecin",
    "away": "Trefl Sopot",
    "start": "2026-09-19T18:00:00+01:00"
  },
  {
    "id": "M19",
    "home": "Anwil Włocławek",
    "away": "Górnik Zamek Książ Wałbrzych",
    "start": "2026-10-03T18:00:00+01:00"
  },
  {
    "id": "M20",
    "home": "Legia Warszawa",
    "away": "PGE Start Lublin",
    "start": "2026-10-17T18:00:00+01:00"
  },
  {
    "id": "M21",
    "home": "Zastal Zielona Góra",
    "away": "Energa Czarni Słupsk",
    "start": "2026-10-31T18:00:00+01:00"
  },
  {
    "id": "M22",
    "home": "MKS Dąbrowa Górnicza",
    "away": "Tasomix Rosiek Stal Ostrów Wielkopolski",
    "start": "2026-11-14T18:00:00+01:00"
  },
  {
    "id": "M23",
    "home": "Arriva Lotto Twarde Pierniki Toruń",
    "away": "Miasto Szkła Krosno",
    "start": "2026-11-28T18:00:00+01:00"
  },
  {
    "id": "M24",
    "home": "Tauron GTK Gliwice",
    "away": "WKS Śląsk Wrocław",
    "start": "2026-12-12T18:00:00+01:00"
  },
  {
    "id": "M25",
    "home": "Dziki Warszawa",
    "away": "Anwil Włocławek",
    "start": "2026-12-26T18:00:00+01:00"
  }
]